{
"companyName": "Mild Interaction",
"productName": "Shields Up",
"productVersion": "0.1",
"dataUrl": "web build.data.unityweb",
"wasmCodeUrl": "web build.wasm.code.unityweb",
"wasmFrameworkUrl": "web build.wasm.framework.unityweb",
"graphicsAPI": ["WebGL 2.0","WebGL 1.0"],
"webglContextAttributes": {"preserveDrawingBuffer": false},
"splashScreenStyle": "Dark",
"backgroundColor": "#000000",
"cacheControl": {"default": "must-revalidate"},
"developmentBuild": false,
"multithreading": false,
"unityVersion": "2019.3.0f6"
}