{
"companyName": "DefaultCompany",
"productName": "TheGiraffeGame",
"productVersion": "0.1",
"dataUrl": "UGGWebBuild.data.unityweb",
"wasmCodeUrl": "UGGWebBuild.wasm.code.unityweb",
"wasmFrameworkUrl": "UGGWebBuild.wasm.framework.unityweb",
"graphicsAPI": ["WebGL 2.0","WebGL 1.0"],
"webglContextAttributes": {"preserveDrawingBuffer": false},
"splashScreenStyle": "Dark",
"backgroundColor": "#231F20",
"cacheControl": {"default": "must-revalidate"},
"developmentBuild": false,
"multithreading": false,
"unityVersion": "2019.3.0f6"
}